{"mtx": [1111.1265530195426, 0.0, 693.83328757317, 0.0, 1111.9405186003617, 487.9617838198748, 0.0, 0.0, 1.0], "dist": [-0.13456799842645714, 0.27553066493370176, 0.0018690079110709882, 0.002484451490621966, -0.3322647765443193], "timestamp": "09:53:52"}