{"mtx": [872.846666489965, 0.0, 404.94023058885745, 0.0, 872.7023127611693, 302.62804238327755, 0.0, 0.0, 1.0], "dist": [-0.07217105976559245, -0.2972183825918989, 0.001835400825765662, -0.00011803897848387206, 1.572575716256168], "timestamp": "16:48:41"}