{"mtx": [863.7388076250211, 0.0, 400.64161490076935, 0.0, 865.4401456768098, 310.7044289219284, 0.0, 0.0, 1.0], "dist": [-0.12763090512821867, 0.2017802468576947, -0.00022815699243852259, 0.0003957242995925331, -0.21721090725002012], "timestamp": "17:12:53"}