{"mtx": [2028.999037810889, 0.0, 586.700951042159, 0.0, 2026.0191053802755, 575.7760139331916, 0.0, 0.0, 1.0], "dist": [-0.12141772661059787, 0.40604610815798486, 0.007984803432653398, -0.007233028917822626, -0.5693054611982972]}