{"mtx": [6278.756498642244, 0.0, 752.6242587558515, 0.0, 6279.121967527418, 328.3373555405987, 0.0, 0.0, 1.0], "dist": [-0.4415433973615504, 54.98687798298171, -0.004660108845790842, -0.009760044252350348, -1652.823830648908]}