{"mtx": [19297.637602516996, 0.0, 549.8655199802633, 0.0, 18955.32230284752, 493.8742908377251, 0.0, 0.0, 1.0], "dist": [3.19463580725541, -4809.131476554521, 0.0024923484084586243, -0.028574794094737347, -8.0737522914291]}